source,link,price
Saks OFF 5TH,https://www.saksoff5th.com/product/trunks-surf-swim-%E2%80%8Bsano-chevron-turtle-swim-trunks-0400016062695.html,4.97
Shop Premium Outlets,https://shoppremiumoutlets.com/products/beach-bros-fruit-x-ray-swim-short,17.95
Amazon.com,https://www.amazon.com/Jr-Swim-Jr-201-32-Boys-Squares/dp/B07GZT8BY8,18.84
Nautica,https://www.nautica.com/sustainably-crafted-8%22-printed-swim/T25117.html,19.98
Zulily,https://www.zulily.com/p/aqua-navy-fish-trailz-retro-board-shorts-612726-113853916.html,19.99
Dillard's,https://www.dillards.com/p/murano-mini-pineapple-5-inseam-swim-trunks/516152278,22.75
SaintBernard.com,https://www.saintbernard.com/products/tom-teddy-mens-mediterranean-tiles-swim-trunk,23.9
quint-shop.com,https://www.quint-shop.com/en/bjoernborg/underwear/b1711-147970481-turquoise?id=143003-260,25.01
Grizzshopping,https://grizzshopping.com/products/knitted-snowflakes-print-pattern-womens-shorts,34.95
Planters Exchange,https://plantersexchange.com/products/fair-harbor-blue-art-deco,35.0
Cubavera,https://www.cubavera.com/products/pineapple-print-7-swim-short-blue-cussd043ds-408,35.0
Pick A Side Apparel,https://pickasideapparel.com/products/blue-fish-scales-mens-boxer-briefs-aop,36.07
Southern Marsh Collection,https://southernmarsh.com/products/boys-youth-dockside-swim-short-trunk-seashell,39.0
eBay,https://www.ebay.com/itm/304974895797,39.6
Saks Fifth Avenue,https://www.saksfifthavenue.com/product/vilebrequin-frisbee-print-bikini-bottom-0400010722829.html,40.49
Vintage 1946,https://www.vintage1946.com/products/zig-zag-golf-short-navy,41.99
AliExpress,https://s.click.aliexpress.com/deep_link.htm?aff_short_key=UneMJZVf&dl_target_url=https%3A%2F%2Fko.aliexpress.com%2Fitem%2F1005005774400018.html%3F_randl_currency%3DKRW%26_randl_shipto%3DKR%26src%3Dgoogle,45.41
TAIL Activewear,https://www.tailactivewear.com/products/braxton-short-diamond-floral,50.0
Chico's,https://www.chicos.com/store/product/miraclesuit+mosaica+jubilee+tankini+top/570265823,59.99
Soma,https://www.soma.com/store/product/la+blanca+halter+tankini+swim+top/570148487,65.99
Neiman Marcus,https://www.neimanmarcus.com/p/ulla-johnson-reina-printed-high-rise-bikini-bottoms-prod252430076,66.0
Poshmark,https://poshmark.com/listing/Boys-size-4-Vilebrequin-swim-trunks-5f3bee4112d88051d6d05562,70.0
Q Swimwear,https://qswimwear.com/products/winter-sweater-classic-strap,76.0
Quiksilver,https://www.quiksilver.lu/surfsilk-scallop-18%2522-board-shorts-for-men-EQYBS04770.html,76.1
Scratch 70,https://scratch70.com/products/jennifer-skort-1,86.0
Capelle Miami,https://capellemiami.com/products/copacabana-long-length-hybrid-short,119.0
divincenzoboutique.com,https://www.divincenzoboutique.com/en/product/frescobol-carioca-blue-geometric-print-swim-shorts-men-2209-653,121.0
ModeSens,https://modesens.com/product/vilebrequin-little-boy-and-boy-jim-herringbone-turtles-swim-trunks-bleu-marin-24364766/,135.0
Buyma.us,https://www.buyma.us/items/daed3d6c-ec3c-470b-984f-ab477a1cfc31/,207.0
Miraclesuit,https://www.miraclesuit.com/en-ki/products/miraclesuit-mosaica-seville-one-piece-swimsuit,215.0
Marcelo Burlon,https://www.marceloburlon.eu/en-kh/shopping/aop-feathers-laceup-boardshor-19455391,254.55
Bergdorf Goodman,https://www.bergdorfgoodman.com/p/vilebrequin-mens-herringbone-turtle-print-swim-trunks-prod147790024,260.0
